date_key,date,year,month,day,day_name,day_of_year,week_of_month,week_of_year,month_name,year_month,year_week
20200101,1/1/2020,2020,1,1,Wednesday,1,1,1,January,202001,202001
20200102,1/2/2020,2020,1,2,Thursday,2,1,1,January,202001,202001
20200103,1/3/2020,2020,1,3,Friday,3,1,1,January,202001,202001
20200104,1/4/2020,2020,1,4,Saturday,4,1,1,January,202001,202001
20200105,1/5/2020,2020,1,5,Sunday,5,2,2,January,202001,202002
20200106,1/6/2020,2020,1,6,Monday,6,2,2,January,202001,202002
20200107,1/7/2020,2020,1,7,Tuesday,7,2,2,January,202001,202002
20200108,1/8/2020,2020,1,8,Wednesday,8,2,2,January,202001,202002
20200109,1/9/2020,2020,1,9,Thursday,9,2,2,January,202001,202002
20200110,1/10/2020,2020,1,10,Friday,10,2,2,January,202001,202002
20200111,1/11/2020,2020,1,11,Saturday,11,2,2,January,202001,202002
20200112,1/12/2020,2020,1,12,Sunday,12,3,3,January,202001,202003
20200113,1/13/2020,2020,1,13,Monday,13,3,3,January,202001,202003
20200114,1/14/2020,2020,1,14,Tuesday,14,3,3,January,202001,202003
20200115,1/15/2020,2020,1,15,Wednesday,15,3,3,January,202001,202003
20200116,1/16/2020,2020,1,16,Thursday,16,3,3,January,202001,202003
20200117,1/17/2020,2020,1,17,Friday,17,3,3,January,202001,202003
20200118,1/18/2020,2020,1,18,Saturday,18,3,3,January,202001,202003
20200119,1/19/2020,2020,1,19,Sunday,19,4,4,January,202001,202004
20200120,1/20/2020,2020,1,20,Monday,20,4,4,January,202001,202004
20200121,1/21/2020,2020,1,21,Tuesday,21,4,4,January,202001,202004
20200122,1/22/2020,2020,1,22,Wednesday,22,4,4,January,202001,202004
20200123,1/23/2020,2020,1,23,Thursday,23,4,4,January,202001,202004
20200124,1/24/2020,2020,1,24,Friday,24,4,4,January,202001,202004
20200125,1/25/2020,2020,1,25,Saturday,25,4,4,January,202001,202004
20200126,1/26/2020,2020,1,26,Sunday,26,5,5,January,202001,202005
20200127,1/27/2020,2020,1,27,Monday,27,5,5,January,202001,202005
20200128,1/28/2020,2020,1,28,Tuesday,28,5,5,January,202001,202005
20200129,1/29/2020,2020,1,29,Wednesday,29,5,5,January,202001,202005
20200130,1/30/2020,2020,1,30,Thursday,30,5,5,January,202001,202005
20200131,1/31/2020,2020,1,31,Friday,31,5,5,January,202001,202005
20200201,2/1/2020,2020,2,1,Saturday,32,1,5,February,202002,202005
20200202,2/2/2020,2020,2,2,Sunday,33,2,6,February,202002,202006
20200203,2/3/2020,2020,2,3,Monday,34,2,6,February,202002,202006
20200204,2/4/2020,2020,2,4,Tuesday,35,2,6,February,202002,202006
20200205,2/5/2020,2020,2,5,Wednesday,36,2,6,February,202002,202006
20200206,2/6/2020,2020,2,6,Thursday,37,2,6,February,202002,202006
20200207,2/7/2020,2020,2,7,Friday,38,2,6,February,202002,202006
20200208,2/8/2020,2020,2,8,Saturday,39,2,6,February,202002,202006
20200209,2/9/2020,2020,2,9,Sunday,40,3,7,February,202002,202007
20200210,2/10/2020,2020,2,10,Monday,41,3,7,February,202002,202007
20200211,2/11/2020,2020,2,11,Tuesday,42,3,7,February,202002,202007
20200212,2/12/2020,2020,2,12,Wednesday,43,3,7,February,202002,202007
20200213,2/13/2020,2020,2,13,Thursday,44,3,7,February,202002,202007
20200214,2/14/2020,2020,2,14,Friday,45,3,7,February,202002,202007
20200215,2/15/2020,2020,2,15,Saturday,46,3,7,February,202002,202007
20200216,2/16/2020,2020,2,16,Sunday,47,4,8,February,202002,202008
20200217,2/17/2020,2020,2,17,Monday,48,4,8,February,202002,202008
20200218,2/18/2020,2020,2,18,Tuesday,49,4,8,February,202002,202008
20200219,2/19/2020,2020,2,19,Wednesday,50,4,8,February,202002,202008
20200220,2/20/2020,2020,2,20,Thursday,51,4,8,February,202002,202008
20200221,2/21/2020,2020,2,21,Friday,52,4,8,February,202002,202008
20200222,2/22/2020,2020,2,22,Saturday,53,4,8,February,202002,202008
20200223,2/23/2020,2020,2,23,Sunday,54,5,9,February,202002,202009
20200224,2/24/2020,2020,2,24,Monday,55,5,9,February,202002,202009
20200225,2/25/2020,2020,2,25,Tuesday,56,5,9,February,202002,202009
20200226,2/26/2020,2020,2,26,Wednesday,57,5,9,February,202002,202009
20200227,2/27/2020,2020,2,27,Thursday,58,5,9,February,202002,202009
20200228,2/28/2020,2020,2,28,Friday,59,5,9,February,202002,202009
20200229,2/29/2020,2020,2,29,Saturday,60,5,9,February,202002,202009
20200301,3/1/2020,2020,3,1,Sunday,61,1,10,March,202003,202010
20200302,3/2/2020,2020,3,2,Monday,62,1,10,March,202003,202010
20200303,3/3/2020,2020,3,3,Tuesday,63,1,10,March,202003,202010
20200304,3/4/2020,2020,3,4,Wednesday,64,1,10,March,202003,202010
20200305,3/5/2020,2020,3,5,Thursday,65,1,10,March,202003,202010
20200306,3/6/2020,2020,3,6,Friday,66,1,10,March,202003,202010
20200307,3/7/2020,2020,3,7,Saturday,67,1,10,March,202003,202010
20200308,3/8/2020,2020,3,8,Sunday,68,2,11,March,202003,202011
20200309,3/9/2020,2020,3,9,Monday,69,2,11,March,202003,202011
20200310,3/10/2020,2020,3,10,Tuesday,70,2,11,March,202003,202011
20200311,3/11/2020,2020,3,11,Wednesday,71,2,11,March,202003,202011
20200312,3/12/2020,2020,3,12,Thursday,72,2,11,March,202003,202011
20200313,3/13/2020,2020,3,13,Friday,73,2,11,March,202003,202011
20200314,3/14/2020,2020,3,14,Saturday,74,2,11,March,202003,202011
20200315,3/15/2020,2020,3,15,Sunday,75,3,12,March,202003,202012
20200316,3/16/2020,2020,3,16,Monday,76,3,12,March,202003,202012
20200317,3/17/2020,2020,3,17,Tuesday,77,3,12,March,202003,202012
20200318,3/18/2020,2020,3,18,Wednesday,78,3,12,March,202003,202012
20200319,3/19/2020,2020,3,19,Thursday,79,3,12,March,202003,202012
20200320,3/20/2020,2020,3,20,Friday,80,3,12,March,202003,202012
20200321,3/21/2020,2020,3,21,Saturday,81,3,12,March,202003,202012
20200322,3/22/2020,2020,3,22,Sunday,82,4,13,March,202003,202013
20200323,3/23/2020,2020,3,23,Monday,83,4,13,March,202003,202013
20200324,3/24/2020,2020,3,24,Tuesday,84,4,13,March,202003,202013
20200325,3/25/2020,2020,3,25,Wednesday,85,4,13,March,202003,202013
20200326,3/26/2020,2020,3,26,Thursday,86,4,13,March,202003,202013
20200327,3/27/2020,2020,3,27,Friday,87,4,13,March,202003,202013
20200328,3/28/2020,2020,3,28,Saturday,88,4,13,March,202003,202013
20200329,3/29/2020,2020,3,29,Sunday,89,5,14,March,202003,202014
20200330,3/30/2020,2020,3,30,Monday,90,5,14,March,202003,202014
20200331,3/31/2020,2020,3,31,Tuesday,91,5,14,March,202003,202014
20200401,4/1/2020,2020,4,1,Wednesday,92,1,14,April,202004,202014
20200402,4/2/2020,2020,4,2,Thursday,93,1,14,April,202004,202014
20200403,4/3/2020,2020,4,3,Friday,94,1,14,April,202004,202014
20200404,4/4/2020,2020,4,4,Saturday,95,1,14,April,202004,202014
20200405,4/5/2020,2020,4,5,Sunday,96,2,15,April,202004,202015
20200406,4/6/2020,2020,4,6,Monday,97,2,15,April,202004,202015
20200407,4/7/2020,2020,4,7,Tuesday,98,2,15,April,202004,202015
20200408,4/8/2020,2020,4,8,Wednesday,99,2,15,April,202004,202015
20200409,4/9/2020,2020,4,9,Thursday,100,2,15,April,202004,202015
20200410,4/10/2020,2020,4,10,Friday,101,2,15,April,202004,202015
20200411,4/11/2020,2020,4,11,Saturday,102,2,15,April,202004,202015
20200412,4/12/2020,2020,4,12,Sunday,103,3,16,April,202004,202016
20200413,4/13/2020,2020,4,13,Monday,104,3,16,April,202004,202016
20200414,4/14/2020,2020,4,14,Tuesday,105,3,16,April,202004,202016
20200415,4/15/2020,2020,4,15,Wednesday,106,3,16,April,202004,202016
20200416,4/16/2020,2020,4,16,Thursday,107,3,16,April,202004,202016
20200417,4/17/2020,2020,4,17,Friday,108,3,16,April,202004,202016
20200418,4/18/2020,2020,4,18,Saturday,109,3,16,April,202004,202016
20200419,4/19/2020,2020,4,19,Sunday,110,4,17,April,202004,202017
20200420,4/20/2020,2020,4,20,Monday,111,4,17,April,202004,202017
20200421,4/21/2020,2020,4,21,Tuesday,112,4,17,April,202004,202017
20200422,4/22/2020,2020,4,22,Wednesday,113,4,17,April,202004,202017
20200423,4/23/2020,2020,4,23,Thursday,114,4,17,April,202004,202017
20200424,4/24/2020,2020,4,24,Friday,115,4,17,April,202004,202017
20200425,4/25/2020,2020,4,25,Saturday,116,4,17,April,202004,202017
20200426,4/26/2020,2020,4,26,Sunday,117,5,18,April,202004,202018
20200427,4/27/2020,2020,4,27,Monday,118,5,18,April,202004,202018
20200428,4/28/2020,2020,4,28,Tuesday,119,5,18,April,202004,202018
20200429,4/29/2020,2020,4,29,Wednesday,120,5,18,April,202004,202018
20200430,4/30/2020,2020,4,30,Thursday,121,5,18,April,202004,202018
20200501,5/1/2020,2020,5,1,Friday,122,1,18,May,202005,202018
20200502,5/2/2020,2020,5,2,Saturday,123,1,18,May,202005,202018
20200503,5/3/2020,2020,5,3,Sunday,124,2,19,May,202005,202019
20200504,5/4/2020,2020,5,4,Monday,125,2,19,May,202005,202019
20200505,5/5/2020,2020,5,5,Tuesday,126,2,19,May,202005,202019
20200506,5/6/2020,2020,5,6,Wednesday,127,2,19,May,202005,202019
20200507,5/7/2020,2020,5,7,Thursday,128,2,19,May,202005,202019
20200508,5/8/2020,2020,5,8,Friday,129,2,19,May,202005,202019
20200509,5/9/2020,2020,5,9,Saturday,130,2,19,May,202005,202019
20200510,5/10/2020,2020,5,10,Sunday,131,3,20,May,202005,202020
20200511,5/11/2020,2020,5,11,Monday,132,3,20,May,202005,202020
20200512,5/12/2020,2020,5,12,Tuesday,133,3,20,May,202005,202020
20200513,5/13/2020,2020,5,13,Wednesday,134,3,20,May,202005,202020
20200514,5/14/2020,2020,5,14,Thursday,135,3,20,May,202005,202020
20200515,5/15/2020,2020,5,15,Friday,136,3,20,May,202005,202020
20200516,5/16/2020,2020,5,16,Saturday,137,3,20,May,202005,202020
20200517,5/17/2020,2020,5,17,Sunday,138,4,21,May,202005,202021
20200518,5/18/2020,2020,5,18,Monday,139,4,21,May,202005,202021
20200519,5/19/2020,2020,5,19,Tuesday,140,4,21,May,202005,202021
20200520,5/20/2020,2020,5,20,Wednesday,141,4,21,May,202005,202021
20200521,5/21/2020,2020,5,21,Thursday,142,4,21,May,202005,202021
20200522,5/22/2020,2020,5,22,Friday,143,4,21,May,202005,202021
20200523,5/23/2020,2020,5,23,Saturday,144,4,21,May,202005,202021
20200524,5/24/2020,2020,5,24,Sunday,145,5,22,May,202005,202022
20200525,5/25/2020,2020,5,25,Monday,146,5,22,May,202005,202022
20200526,5/26/2020,2020,5,26,Tuesday,147,5,22,May,202005,202022
20200527,5/27/2020,2020,5,27,Wednesday,148,5,22,May,202005,202022
20200528,5/28/2020,2020,5,28,Thursday,149,5,22,May,202005,202022
20200529,5/29/2020,2020,5,29,Friday,150,5,22,May,202005,202022
20200530,5/30/2020,2020,5,30,Saturday,151,5,22,May,202005,202022
20200531,5/31/2020,2020,5,31,Sunday,152,6,23,May,202005,202023
20200601,6/1/2020,2020,6,1,Monday,153,1,23,June,202006,202023
20200602,6/2/2020,2020,6,2,Tuesday,154,1,23,June,202006,202023
20200603,6/3/2020,2020,6,3,Wednesday,155,1,23,June,202006,202023
20200604,6/4/2020,2020,6,4,Thursday,156,1,23,June,202006,202023
20200605,6/5/2020,2020,6,5,Friday,157,1,23,June,202006,202023
20200606,6/6/2020,2020,6,6,Saturday,158,1,23,June,202006,202023
20200607,6/7/2020,2020,6,7,Sunday,159,2,24,June,202006,202024
20200608,6/8/2020,2020,6,8,Monday,160,2,24,June,202006,202024
20200609,6/9/2020,2020,6,9,Tuesday,161,2,24,June,202006,202024
20200610,6/10/2020,2020,6,10,Wednesday,162,2,24,June,202006,202024
20200611,6/11/2020,2020,6,11,Thursday,163,2,24,June,202006,202024
20200612,6/12/2020,2020,6,12,Friday,164,2,24,June,202006,202024
20200613,6/13/2020,2020,6,13,Saturday,165,2,24,June,202006,202024
20200614,6/14/2020,2020,6,14,Sunday,166,3,25,June,202006,202025
20200615,6/15/2020,2020,6,15,Monday,167,3,25,June,202006,202025
20200616,6/16/2020,2020,6,16,Tuesday,168,3,25,June,202006,202025
20200617,6/17/2020,2020,6,17,Wednesday,169,3,25,June,202006,202025
20200618,6/18/2020,2020,6,18,Thursday,170,3,25,June,202006,202025
20200619,6/19/2020,2020,6,19,Friday,171,3,25,June,202006,202025
20200620,6/20/2020,2020,6,20,Saturday,172,3,25,June,202006,202025
20200621,6/21/2020,2020,6,21,Sunday,173,4,26,June,202006,202026
20200622,6/22/2020,2020,6,22,Monday,174,4,26,June,202006,202026
20200623,6/23/2020,2020,6,23,Tuesday,175,4,26,June,202006,202026
20200624,6/24/2020,2020,6,24,Wednesday,176,4,26,June,202006,202026
20200625,6/25/2020,2020,6,25,Thursday,177,4,26,June,202006,202026
20200626,6/26/2020,2020,6,26,Friday,178,4,26,June,202006,202026
20200627,6/27/2020,2020,6,27,Saturday,179,4,26,June,202006,202026
20200628,6/28/2020,2020,6,28,Sunday,180,5,27,June,202006,202027
20200629,6/29/2020,2020,6,29,Monday,181,5,27,June,202006,202027
20200630,6/30/2020,2020,6,30,Tuesday,182,5,27,June,202006,202027
20200701,7/1/2020,2020,7,1,Wednesday,183,1,27,July,202007,202027
20200702,7/2/2020,2020,7,2,Thursday,184,1,27,July,202007,202027
20200703,7/3/2020,2020,7,3,Friday,185,1,27,July,202007,202027
20200704,7/4/2020,2020,7,4,Saturday,186,1,27,July,202007,202027
20200705,7/5/2020,2020,7,5,Sunday,187,2,28,July,202007,202028
20200706,7/6/2020,2020,7,6,Monday,188,2,28,July,202007,202028
20200707,7/7/2020,2020,7,7,Tuesday,189,2,28,July,202007,202028
20200708,7/8/2020,2020,7,8,Wednesday,190,2,28,July,202007,202028
20200709,7/9/2020,2020,7,9,Thursday,191,2,28,July,202007,202028
20200710,7/10/2020,2020,7,10,Friday,192,2,28,July,202007,202028
20200711,7/11/2020,2020,7,11,Saturday,193,2,28,July,202007,202028
20200712,7/12/2020,2020,7,12,Sunday,194,3,29,July,202007,202029
20200713,7/13/2020,2020,7,13,Monday,195,3,29,July,202007,202029
20200714,7/14/2020,2020,7,14,Tuesday,196,3,29,July,202007,202029
20200715,7/15/2020,2020,7,15,Wednesday,197,3,29,July,202007,202029
20200716,7/16/2020,2020,7,16,Thursday,198,3,29,July,202007,202029
20200717,7/17/2020,2020,7,17,Friday,199,3,29,July,202007,202029
20200718,7/18/2020,2020,7,18,Saturday,200,3,29,July,202007,202029
20200719,7/19/2020,2020,7,19,Sunday,201,4,30,July,202007,202030
20200720,7/20/2020,2020,7,20,Monday,202,4,30,July,202007,202030
20200721,7/21/2020,2020,7,21,Tuesday,203,4,30,July,202007,202030
20200722,7/22/2020,2020,7,22,Wednesday,204,4,30,July,202007,202030
20200723,7/23/2020,2020,7,23,Thursday,205,4,30,July,202007,202030
20200724,7/24/2020,2020,7,24,Friday,206,4,30,July,202007,202030
20200725,7/25/2020,2020,7,25,Saturday,207,4,30,July,202007,202030
20200726,7/26/2020,2020,7,26,Sunday,208,5,31,July,202007,202031
20200727,7/27/2020,2020,7,27,Monday,209,5,31,July,202007,202031
20200728,7/28/2020,2020,7,28,Tuesday,210,5,31,July,202007,202031
20200729,7/29/2020,2020,7,29,Wednesday,211,5,31,July,202007,202031
20200730,7/30/2020,2020,7,30,Thursday,212,5,31,July,202007,202031
20200731,7/31/2020,2020,7,31,Friday,213,5,31,July,202007,202031
20200801,8/1/2020,2020,8,1,Saturday,214,1,31,August,202008,202031
20200802,8/2/2020,2020,8,2,Sunday,215,2,32,August,202008,202032
20200803,8/3/2020,2020,8,3,Monday,216,2,32,August,202008,202032
20200804,8/4/2020,2020,8,4,Tuesday,217,2,32,August,202008,202032
20200805,8/5/2020,2020,8,5,Wednesday,218,2,32,August,202008,202032
20200806,8/6/2020,2020,8,6,Thursday,219,2,32,August,202008,202032
20200807,8/7/2020,2020,8,7,Friday,220,2,32,August,202008,202032
20200808,8/8/2020,2020,8,8,Saturday,221,2,32,August,202008,202032
20200809,8/9/2020,2020,8,9,Sunday,222,3,33,August,202008,202033
20200810,8/10/2020,2020,8,10,Monday,223,3,33,August,202008,202033
20200811,8/11/2020,2020,8,11,Tuesday,224,3,33,August,202008,202033
20200812,8/12/2020,2020,8,12,Wednesday,225,3,33,August,202008,202033
20200813,8/13/2020,2020,8,13,Thursday,226,3,33,August,202008,202033
20200814,8/14/2020,2020,8,14,Friday,227,3,33,August,202008,202033
20200815,8/15/2020,2020,8,15,Saturday,228,3,33,August,202008,202033
20200816,8/16/2020,2020,8,16,Sunday,229,4,34,August,202008,202034
20200817,8/17/2020,2020,8,17,Monday,230,4,34,August,202008,202034
20200818,8/18/2020,2020,8,18,Tuesday,231,4,34,August,202008,202034
20200819,8/19/2020,2020,8,19,Wednesday,232,4,34,August,202008,202034
20200820,8/20/2020,2020,8,20,Thursday,233,4,34,August,202008,202034
20200821,8/21/2020,2020,8,21,Friday,234,4,34,August,202008,202034
20200822,8/22/2020,2020,8,22,Saturday,235,4,34,August,202008,202034
20200823,8/23/2020,2020,8,23,Sunday,236,5,35,August,202008,202035
20200824,8/24/2020,2020,8,24,Monday,237,5,35,August,202008,202035
20200825,8/25/2020,2020,8,25,Tuesday,238,5,35,August,202008,202035
20200826,8/26/2020,2020,8,26,Wednesday,239,5,35,August,202008,202035
20200827,8/27/2020,2020,8,27,Thursday,240,5,35,August,202008,202035
20200828,8/28/2020,2020,8,28,Friday,241,5,35,August,202008,202035
20200829,8/29/2020,2020,8,29,Saturday,242,5,35,August,202008,202035
20200830,8/30/2020,2020,8,30,Sunday,243,6,36,August,202008,202036
20200831,8/31/2020,2020,8,31,Monday,244,6,36,August,202008,202036
20200901,9/1/2020,2020,9,1,Tuesday,245,1,36,September,202009,202036
20200902,9/2/2020,2020,9,2,Wednesday,246,1,36,September,202009,202036
20200903,9/3/2020,2020,9,3,Thursday,247,1,36,September,202009,202036
20200904,9/4/2020,2020,9,4,Friday,248,1,36,September,202009,202036
20200905,9/5/2020,2020,9,5,Saturday,249,1,36,September,202009,202036
20200906,9/6/2020,2020,9,6,Sunday,250,2,37,September,202009,202037
20200907,9/7/2020,2020,9,7,Monday,251,2,37,September,202009,202037
20200908,9/8/2020,2020,9,8,Tuesday,252,2,37,September,202009,202037
20200909,9/9/2020,2020,9,9,Wednesday,253,2,37,September,202009,202037
20200910,9/10/2020,2020,9,10,Thursday,254,2,37,September,202009,202037
20200911,9/11/2020,2020,9,11,Friday,255,2,37,September,202009,202037
20200912,9/12/2020,2020,9,12,Saturday,256,2,37,September,202009,202037
20200913,9/13/2020,2020,9,13,Sunday,257,3,38,September,202009,202038
20200914,9/14/2020,2020,9,14,Monday,258,3,38,September,202009,202038
20200915,9/15/2020,2020,9,15,Tuesday,259,3,38,September,202009,202038
20200916,9/16/2020,2020,9,16,Wednesday,260,3,38,September,202009,202038
20200917,9/17/2020,2020,9,17,Thursday,261,3,38,September,202009,202038
20200918,9/18/2020,2020,9,18,Friday,262,3,38,September,202009,202038
20200919,9/19/2020,2020,9,19,Saturday,263,3,38,September,202009,202038
20200920,9/20/2020,2020,9,20,Sunday,264,4,39,September,202009,202039
20200921,9/21/2020,2020,9,21,Monday,265,4,39,September,202009,202039
20200922,9/22/2020,2020,9,22,Tuesday,266,4,39,September,202009,202039
20200923,9/23/2020,2020,9,23,Wednesday,267,4,39,September,202009,202039
20200924,9/24/2020,2020,9,24,Thursday,268,4,39,September,202009,202039
20200925,9/25/2020,2020,9,25,Friday,269,4,39,September,202009,202039
20200926,9/26/2020,2020,9,26,Saturday,270,4,39,September,202009,202039
20200927,9/27/2020,2020,9,27,Sunday,271,5,40,September,202009,202040
20200928,9/28/2020,2020,9,28,Monday,272,5,40,September,202009,202040
20200929,9/29/2020,2020,9,29,Tuesday,273,5,40,September,202009,202040
20200930,9/30/2020,2020,9,30,Wednesday,274,5,40,September,202009,202040
20201001,10/1/2020,2020,10,1,Thursday,275,1,40,October,202010,202040
20201002,10/2/2020,2020,10,2,Friday,276,1,40,October,202010,202040
20201003,10/3/2020,2020,10,3,Saturday,277,1,40,October,202010,202040
20201004,10/4/2020,2020,10,4,Sunday,278,2,41,October,202010,202041
20201005,10/5/2020,2020,10,5,Monday,279,2,41,October,202010,202041
20201006,10/6/2020,2020,10,6,Tuesday,280,2,41,October,202010,202041
20201007,10/7/2020,2020,10,7,Wednesday,281,2,41,October,202010,202041
20201008,10/8/2020,2020,10,8,Thursday,282,2,41,October,202010,202041
20201009,10/9/2020,2020,10,9,Friday,283,2,41,October,202010,202041
20201010,10/10/2020,2020,10,10,Saturday,284,2,41,October,202010,202041
20201011,10/11/2020,2020,10,11,Sunday,285,3,42,October,202010,202042
20201012,10/12/2020,2020,10,12,Monday,286,3,42,October,202010,202042
20201013,10/13/2020,2020,10,13,Tuesday,287,3,42,October,202010,202042
20201014,10/14/2020,2020,10,14,Wednesday,288,3,42,October,202010,202042
20201015,10/15/2020,2020,10,15,Thursday,289,3,42,October,202010,202042
20201016,10/16/2020,2020,10,16,Friday,290,3,42,October,202010,202042
20201017,10/17/2020,2020,10,17,Saturday,291,3,42,October,202010,202042
20201018,10/18/2020,2020,10,18,Sunday,292,4,43,October,202010,202043
20201019,10/19/2020,2020,10,19,Monday,293,4,43,October,202010,202043
20201020,10/20/2020,2020,10,20,Tuesday,294,4,43,October,202010,202043
20201021,10/21/2020,2020,10,21,Wednesday,295,4,43,October,202010,202043
20201022,10/22/2020,2020,10,22,Thursday,296,4,43,October,202010,202043
20201023,10/23/2020,2020,10,23,Friday,297,4,43,October,202010,202043
20201024,10/24/2020,2020,10,24,Saturday,298,4,43,October,202010,202043
20201025,10/25/2020,2020,10,25,Sunday,299,5,44,October,202010,202044
20201026,10/26/2020,2020,10,26,Monday,300,5,44,October,202010,202044
20201027,10/27/2020,2020,10,27,Tuesday,301,5,44,October,202010,202044
20201028,10/28/2020,2020,10,28,Wednesday,302,5,44,October,202010,202044
20201029,10/29/2020,2020,10,29,Thursday,303,5,44,October,202010,202044
20201030,10/30/2020,2020,10,30,Friday,304,5,44,October,202010,202044
20201031,10/31/2020,2020,10,31,Saturday,305,5,44,October,202010,202044
20201101,11/1/2020,2020,11,1,Sunday,306,1,45,November,202011,202045
20201102,11/2/2020,2020,11,2,Monday,307,1,45,November,202011,202045
20201103,11/3/2020,2020,11,3,Tuesday,308,1,45,November,202011,202045
20201104,11/4/2020,2020,11,4,Wednesday,309,1,45,November,202011,202045
20201105,11/5/2020,2020,11,5,Thursday,310,1,45,November,202011,202045
20201106,11/6/2020,2020,11,6,Friday,311,1,45,November,202011,202045
20201107,11/7/2020,2020,11,7,Saturday,312,1,45,November,202011,202045
20201108,11/8/2020,2020,11,8,Sunday,313,2,46,November,202011,202046
20201109,11/9/2020,2020,11,9,Monday,314,2,46,November,202011,202046
20201110,11/10/2020,2020,11,10,Tuesday,315,2,46,November,202011,202046
20201111,11/11/2020,2020,11,11,Wednesday,316,2,46,November,202011,202046
20201112,11/12/2020,2020,11,12,Thursday,317,2,46,November,202011,202046
20201113,11/13/2020,2020,11,13,Friday,318,2,46,November,202011,202046
20201114,11/14/2020,2020,11,14,Saturday,319,2,46,November,202011,202046
20201115,11/15/2020,2020,11,15,Sunday,320,3,47,November,202011,202047
20201116,11/16/2020,2020,11,16,Monday,321,3,47,November,202011,202047
20201117,11/17/2020,2020,11,17,Tuesday,322,3,47,November,202011,202047
20201118,11/18/2020,2020,11,18,Wednesday,323,3,47,November,202011,202047
20201119,11/19/2020,2020,11,19,Thursday,324,3,47,November,202011,202047
20201120,11/20/2020,2020,11,20,Friday,325,3,47,November,202011,202047
20201121,11/21/2020,2020,11,21,Saturday,326,3,47,November,202011,202047
20201122,11/22/2020,2020,11,22,Sunday,327,4,48,November,202011,202048
20201123,11/23/2020,2020,11,23,Monday,328,4,48,November,202011,202048
20201124,11/24/2020,2020,11,24,Tuesday,329,4,48,November,202011,202048
20201125,11/25/2020,2020,11,25,Wednesday,330,4,48,November,202011,202048
20201126,11/26/2020,2020,11,26,Thursday,331,4,48,November,202011,202048
20201127,11/27/2020,2020,11,27,Friday,332,4,48,November,202011,202048
20201128,11/28/2020,2020,11,28,Saturday,333,4,48,November,202011,202048
20201129,11/29/2020,2020,11,29,Sunday,334,5,49,November,202011,202049
20201130,11/30/2020,2020,11,30,Monday,335,5,49,November,202011,202049
20201201,12/1/2020,2020,12,1,Tuesday,336,1,49,December,202012,202049
20201202,12/2/2020,2020,12,2,Wednesday,337,1,49,December,202012,202049
20201203,12/3/2020,2020,12,3,Thursday,338,1,49,December,202012,202049
20201204,12/4/2020,2020,12,4,Friday,339,1,49,December,202012,202049
20201205,12/5/2020,2020,12,5,Saturday,340,1,49,December,202012,202049
20201206,12/6/2020,2020,12,6,Sunday,341,2,50,December,202012,202050
20201207,12/7/2020,2020,12,7,Monday,342,2,50,December,202012,202050
20201208,12/8/2020,2020,12,8,Tuesday,343,2,50,December,202012,202050
20201209,12/9/2020,2020,12,9,Wednesday,344,2,50,December,202012,202050
20201210,12/10/2020,2020,12,10,Thursday,345,2,50,December,202012,202050
20201211,12/11/2020,2020,12,11,Friday,346,2,50,December,202012,202050
20201212,12/12/2020,2020,12,12,Saturday,347,2,50,December,202012,202050
20201213,12/13/2020,2020,12,13,Sunday,348,3,51,December,202012,202051
20201214,12/14/2020,2020,12,14,Monday,349,3,51,December,202012,202051
20201215,12/15/2020,2020,12,15,Tuesday,350,3,51,December,202012,202051
20201216,12/16/2020,2020,12,16,Wednesday,351,3,51,December,202012,202051
20201217,12/17/2020,2020,12,17,Thursday,352,3,51,December,202012,202051
20201218,12/18/2020,2020,12,18,Friday,353,3,51,December,202012,202051
20201219,12/19/2020,2020,12,19,Saturday,354,3,51,December,202012,202051
20201220,12/20/2020,2020,12,20,Sunday,355,4,52,December,202012,202052
20201221,12/21/2020,2020,12,21,Monday,356,4,52,December,202012,202052
20201222,12/22/2020,2020,12,22,Tuesday,357,4,52,December,202012,202052
20201223,12/23/2020,2020,12,23,Wednesday,358,4,52,December,202012,202052
20201224,12/24/2020,2020,12,24,Thursday,359,4,52,December,202012,202052
20201225,12/25/2020,2020,12,25,Friday,360,4,52,December,202012,202052
20201226,12/26/2020,2020,12,26,Saturday,361,4,52,December,202012,202052
20201227,12/27/2020,2020,12,27,Sunday,362,5,53,December,202012,202053
20201228,12/28/2020,2020,12,28,Monday,363,5,53,December,202012,202053
20201229,12/29/2020,2020,12,29,Tuesday,364,5,53,December,202012,202053
20201230,12/30/2020,2020,12,30,Wednesday,365,5,53,December,202012,202053
20201231,12/31/2020,2020,12,31,Thursday,366,5,53,December,202012,202053
20210101,1/1/2021,2021,1,1,Friday,1,1,1,January,202101,202101
20210102,1/2/2021,2021,1,2,Saturday,2,1,1,January,202101,202101
20210103,1/3/2021,2021,1,3,Sunday,3,2,2,January,202101,202102
20210104,1/4/2021,2021,1,4,Monday,4,2,2,January,202101,202102
20210105,1/5/2021,2021,1,5,Tuesday,5,2,2,January,202101,202102
20210106,1/6/2021,2021,1,6,Wednesday,6,2,2,January,202101,202102
20210107,1/7/2021,2021,1,7,Thursday,7,2,2,January,202101,202102
20210108,1/8/2021,2021,1,8,Friday,8,2,2,January,202101,202102
20210109,1/9/2021,2021,1,9,Saturday,9,2,2,January,202101,202102
20210110,1/10/2021,2021,1,10,Sunday,10,3,3,January,202101,202103
20210111,1/11/2021,2021,1,11,Monday,11,3,3,January,202101,202103
20210112,1/12/2021,2021,1,12,Tuesday,12,3,3,January,202101,202103
20210113,1/13/2021,2021,1,13,Wednesday,13,3,3,January,202101,202103
20210114,1/14/2021,2021,1,14,Thursday,14,3,3,January,202101,202103
20210115,1/15/2021,2021,1,15,Friday,15,3,3,January,202101,202103
20210116,1/16/2021,2021,1,16,Saturday,16,3,3,January,202101,202103
20210117,1/17/2021,2021,1,17,Sunday,17,4,4,January,202101,202104
20210118,1/18/2021,2021,1,18,Monday,18,4,4,January,202101,202104
20210119,1/19/2021,2021,1,19,Tuesday,19,4,4,January,202101,202104
20210120,1/20/2021,2021,1,20,Wednesday,20,4,4,January,202101,202104
20210121,1/21/2021,2021,1,21,Thursday,21,4,4,January,202101,202104
20210122,1/22/2021,2021,1,22,Friday,22,4,4,January,202101,202104
20210123,1/23/2021,2021,1,23,Saturday,23,4,4,January,202101,202104
20210124,1/24/2021,2021,1,24,Sunday,24,5,5,January,202101,202105
20210125,1/25/2021,2021,1,25,Monday,25,5,5,January,202101,202105
20210126,1/26/2021,2021,1,26,Tuesday,26,5,5,January,202101,202105
20210127,1/27/2021,2021,1,27,Wednesday,27,5,5,January,202101,202105
20210128,1/28/2021,2021,1,28,Thursday,28,5,5,January,202101,202105
20210129,1/29/2021,2021,1,29,Friday,29,5,5,January,202101,202105
20210130,1/30/2021,2021,1,30,Saturday,30,5,5,January,202101,202105
20210131,1/31/2021,2021,1,31,Sunday,31,6,6,January,202101,202106
20210201,2/1/2021,2021,2,1,Monday,32,1,6,February,202102,202106
20210202,2/2/2021,2021,2,2,Tuesday,33,1,6,February,202102,202106
20210203,2/3/2021,2021,2,3,Wednesday,34,1,6,February,202102,202106
20210204,2/4/2021,2021,2,4,Thursday,35,1,6,February,202102,202106
20210205,2/5/2021,2021,2,5,Friday,36,1,6,February,202102,202106
20210206,2/6/2021,2021,2,6,Saturday,37,1,6,February,202102,202106
20210207,2/7/2021,2021,2,7,Sunday,38,2,7,February,202102,202107
20210208,2/8/2021,2021,2,8,Monday,39,2,7,February,202102,202107
20210209,2/9/2021,2021,2,9,Tuesday,40,2,7,February,202102,202107
20210210,2/10/2021,2021,2,10,Wednesday,41,2,7,February,202102,202107
20210211,2/11/2021,2021,2,11,Thursday,42,2,7,February,202102,202107
20210212,2/12/2021,2021,2,12,Friday,43,2,7,February,202102,202107
20210213,2/13/2021,2021,2,13,Saturday,44,2,7,February,202102,202107
20210214,2/14/2021,2021,2,14,Sunday,45,3,8,February,202102,202108
20210215,2/15/2021,2021,2,15,Monday,46,3,8,February,202102,202108
20210216,2/16/2021,2021,2,16,Tuesday,47,3,8,February,202102,202108
20210217,2/17/2021,2021,2,17,Wednesday,48,3,8,February,202102,202108
20210218,2/18/2021,2021,2,18,Thursday,49,3,8,February,202102,202108
20210219,2/19/2021,2021,2,19,Friday,50,3,8,February,202102,202108
20210220,2/20/2021,2021,2,20,Saturday,51,3,8,February,202102,202108
20210221,2/21/2021,2021,2,21,Sunday,52,4,9,February,202102,202109
20210222,2/22/2021,2021,2,22,Monday,53,4,9,February,202102,202109
20210223,2/23/2021,2021,2,23,Tuesday,54,4,9,February,202102,202109
20210224,2/24/2021,2021,2,24,Wednesday,55,4,9,February,202102,202109
20210225,2/25/2021,2021,2,25,Thursday,56,4,9,February,202102,202109
20210226,2/26/2021,2021,2,26,Friday,57,4,9,February,202102,202109
20210227,2/27/2021,2021,2,27,Saturday,58,4,9,February,202102,202109
20210228,2/28/2021,2021,2,28,Sunday,59,5,10,February,202102,202110
20210301,3/1/2021,2021,3,1,Monday,60,1,10,March,202103,202110
20210302,3/2/2021,2021,3,2,Tuesday,61,1,10,March,202103,202110
20210303,3/3/2021,2021,3,3,Wednesday,62,1,10,March,202103,202110
20210304,3/4/2021,2021,3,4,Thursday,63,1,10,March,202103,202110
20210305,3/5/2021,2021,3,5,Friday,64,1,10,March,202103,202110
20210306,3/6/2021,2021,3,6,Saturday,65,1,10,March,202103,202110
20210307,3/7/2021,2021,3,7,Sunday,66,2,11,March,202103,202111
20210308,3/8/2021,2021,3,8,Monday,67,2,11,March,202103,202111
20210309,3/9/2021,2021,3,9,Tuesday,68,2,11,March,202103,202111
20210310,3/10/2021,2021,3,10,Wednesday,69,2,11,March,202103,202111
20210311,3/11/2021,2021,3,11,Thursday,70,2,11,March,202103,202111
20210312,3/12/2021,2021,3,12,Friday,71,2,11,March,202103,202111
20210313,3/13/2021,2021,3,13,Saturday,72,2,11,March,202103,202111
20210314,3/14/2021,2021,3,14,Sunday,73,3,12,March,202103,202112
20210315,3/15/2021,2021,3,15,Monday,74,3,12,March,202103,202112
20210316,3/16/2021,2021,3,16,Tuesday,75,3,12,March,202103,202112
20210317,3/17/2021,2021,3,17,Wednesday,76,3,12,March,202103,202112
20210318,3/18/2021,2021,3,18,Thursday,77,3,12,March,202103,202112
20210319,3/19/2021,2021,3,19,Friday,78,3,12,March,202103,202112
20210320,3/20/2021,2021,3,20,Saturday,79,3,12,March,202103,202112
20210321,3/21/2021,2021,3,21,Sunday,80,4,13,March,202103,202113
20210322,3/22/2021,2021,3,22,Monday,81,4,13,March,202103,202113
20210323,3/23/2021,2021,3,23,Tuesday,82,4,13,March,202103,202113
20210324,3/24/2021,2021,3,24,Wednesday,83,4,13,March,202103,202113
20210325,3/25/2021,2021,3,25,Thursday,84,4,13,March,202103,202113
20210326,3/26/2021,2021,3,26,Friday,85,4,13,March,202103,202113
20210327,3/27/2021,2021,3,27,Saturday,86,4,13,March,202103,202113
20210328,3/28/2021,2021,3,28,Sunday,87,5,14,March,202103,202114
20210329,3/29/2021,2021,3,29,Monday,88,5,14,March,202103,202114
20210330,3/30/2021,2021,3,30,Tuesday,89,5,14,March,202103,202114
20210331,3/31/2021,2021,3,31,Wednesday,90,5,14,March,202103,202114
20210401,4/1/2021,2021,4,1,Thursday,91,1,14,April,202104,202114
20210402,4/2/2021,2021,4,2,Friday,92,1,14,April,202104,202114
20210403,4/3/2021,2021,4,3,Saturday,93,1,14,April,202104,202114
20210404,4/4/2021,2021,4,4,Sunday,94,2,15,April,202104,202115
20210405,4/5/2021,2021,4,5,Monday,95,2,15,April,202104,202115
20210406,4/6/2021,2021,4,6,Tuesday,96,2,15,April,202104,202115
20210407,4/7/2021,2021,4,7,Wednesday,97,2,15,April,202104,202115
20210408,4/8/2021,2021,4,8,Thursday,98,2,15,April,202104,202115
20210409,4/9/2021,2021,4,9,Friday,99,2,15,April,202104,202115
20210410,4/10/2021,2021,4,10,Saturday,100,2,15,April,202104,202115
20210411,4/11/2021,2021,4,11,Sunday,101,3,16,April,202104,202116
20210412,4/12/2021,2021,4,12,Monday,102,3,16,April,202104,202116
20210413,4/13/2021,2021,4,13,Tuesday,103,3,16,April,202104,202116
20210414,4/14/2021,2021,4,14,Wednesday,104,3,16,April,202104,202116
20210415,4/15/2021,2021,4,15,Thursday,105,3,16,April,202104,202116
20210416,4/16/2021,2021,4,16,Friday,106,3,16,April,202104,202116
20210417,4/17/2021,2021,4,17,Saturday,107,3,16,April,202104,202116
20210418,4/18/2021,2021,4,18,Sunday,108,4,17,April,202104,202117
20210419,4/19/2021,2021,4,19,Monday,109,4,17,April,202104,202117
20210420,4/20/2021,2021,4,20,Tuesday,110,4,17,April,202104,202117
20210421,4/21/2021,2021,4,21,Wednesday,111,4,17,April,202104,202117
20210422,4/22/2021,2021,4,22,Thursday,112,4,17,April,202104,202117
20210423,4/23/2021,2021,4,23,Friday,113,4,17,April,202104,202117
20210424,4/24/2021,2021,4,24,Saturday,114,4,17,April,202104,202117
20210425,4/25/2021,2021,4,25,Sunday,115,5,18,April,202104,202118
20210426,4/26/2021,2021,4,26,Monday,116,5,18,April,202104,202118
20210427,4/27/2021,2021,4,27,Tuesday,117,5,18,April,202104,202118
20210428,4/28/2021,2021,4,28,Wednesday,118,5,18,April,202104,202118
20210429,4/29/2021,2021,4,29,Thursday,119,5,18,April,202104,202118
20210430,4/30/2021,2021,4,30,Friday,120,5,18,April,202104,202118
20210501,5/1/2021,2021,5,1,Saturday,121,1,18,May,202105,202118
20210502,5/2/2021,2021,5,2,Sunday,122,2,19,May,202105,202119
20210503,5/3/2021,2021,5,3,Monday,123,2,19,May,202105,202119
20210504,5/4/2021,2021,5,4,Tuesday,124,2,19,May,202105,202119
20210505,5/5/2021,2021,5,5,Wednesday,125,2,19,May,202105,202119
20210506,5/6/2021,2021,5,6,Thursday,126,2,19,May,202105,202119
20210507,5/7/2021,2021,5,7,Friday,127,2,19,May,202105,202119
20210508,5/8/2021,2021,5,8,Saturday,128,2,19,May,202105,202119
20210509,5/9/2021,2021,5,9,Sunday,129,3,20,May,202105,202120
20210510,5/10/2021,2021,5,10,Monday,130,3,20,May,202105,202120
20210511,5/11/2021,2021,5,11,Tuesday,131,3,20,May,202105,202120
20210512,5/12/2021,2021,5,12,Wednesday,132,3,20,May,202105,202120
20210513,5/13/2021,2021,5,13,Thursday,133,3,20,May,202105,202120
20210514,5/14/2021,2021,5,14,Friday,134,3,20,May,202105,202120
20210515,5/15/2021,2021,5,15,Saturday,135,3,20,May,202105,202120
20210516,5/16/2021,2021,5,16,Sunday,136,4,21,May,202105,202121
20210517,5/17/2021,2021,5,17,Monday,137,4,21,May,202105,202121
20210518,5/18/2021,2021,5,18,Tuesday,138,4,21,May,202105,202121
20210519,5/19/2021,2021,5,19,Wednesday,139,4,21,May,202105,202121
20210520,5/20/2021,2021,5,20,Thursday,140,4,21,May,202105,202121
20210521,5/21/2021,2021,5,21,Friday,141,4,21,May,202105,202121
20210522,5/22/2021,2021,5,22,Saturday,142,4,21,May,202105,202121
20210523,5/23/2021,2021,5,23,Sunday,143,5,22,May,202105,202122
20210524,5/24/2021,2021,5,24,Monday,144,5,22,May,202105,202122
20210525,5/25/2021,2021,5,25,Tuesday,145,5,22,May,202105,202122
20210526,5/26/2021,2021,5,26,Wednesday,146,5,22,May,202105,202122
20210527,5/27/2021,2021,5,27,Thursday,147,5,22,May,202105,202122
20210528,5/28/2021,2021,5,28,Friday,148,5,22,May,202105,202122
20210529,5/29/2021,2021,5,29,Saturday,149,5,22,May,202105,202122
20210530,5/30/2021,2021,5,30,Sunday,150,6,23,May,202105,202123
20210531,5/31/2021,2021,5,31,Monday,151,6,23,May,202105,202123
20210601,6/1/2021,2021,6,1,Tuesday,152,1,23,June,202106,202123
20210602,6/2/2021,2021,6,2,Wednesday,153,1,23,June,202106,202123
20210603,6/3/2021,2021,6,3,Thursday,154,1,23,June,202106,202123
20210604,6/4/2021,2021,6,4,Friday,155,1,23,June,202106,202123
20210605,6/5/2021,2021,6,5,Saturday,156,1,23,June,202106,202123
20210606,6/6/2021,2021,6,6,Sunday,157,2,24,June,202106,202124
20210607,6/7/2021,2021,6,7,Monday,158,2,24,June,202106,202124
20210608,6/8/2021,2021,6,8,Tuesday,159,2,24,June,202106,202124
20210609,6/9/2021,2021,6,9,Wednesday,160,2,24,June,202106,202124
20210610,6/10/2021,2021,6,10,Thursday,161,2,24,June,202106,202124
20210611,6/11/2021,2021,6,11,Friday,162,2,24,June,202106,202124
20210612,6/12/2021,2021,6,12,Saturday,163,2,24,June,202106,202124
20210613,6/13/2021,2021,6,13,Sunday,164,3,25,June,202106,202125
20210614,6/14/2021,2021,6,14,Monday,165,3,25,June,202106,202125
20210615,6/15/2021,2021,6,15,Tuesday,166,3,25,June,202106,202125
20210616,6/16/2021,2021,6,16,Wednesday,167,3,25,June,202106,202125
20210617,6/17/2021,2021,6,17,Thursday,168,3,25,June,202106,202125
20210618,6/18/2021,2021,6,18,Friday,169,3,25,June,202106,202125
20210619,6/19/2021,2021,6,19,Saturday,170,3,25,June,202106,202125
20210620,6/20/2021,2021,6,20,Sunday,171,4,26,June,202106,202126
20210621,6/21/2021,2021,6,21,Monday,172,4,26,June,202106,202126
20210622,6/22/2021,2021,6,22,Tuesday,173,4,26,June,202106,202126
20210623,6/23/2021,2021,6,23,Wednesday,174,4,26,June,202106,202126
20210624,6/24/2021,2021,6,24,Thursday,175,4,26,June,202106,202126
20210625,6/25/2021,2021,6,25,Friday,176,4,26,June,202106,202126
20210626,6/26/2021,2021,6,26,Saturday,177,4,26,June,202106,202126
20210627,6/27/2021,2021,6,27,Sunday,178,5,27,June,202106,202127
20210628,6/28/2021,2021,6,28,Monday,179,5,27,June,202106,202127
20210629,6/29/2021,2021,6,29,Tuesday,180,5,27,June,202106,202127
20210630,6/30/2021,2021,6,30,Wednesday,181,5,27,June,202106,202127
20210701,7/1/2021,2021,7,1,Thursday,182,1,27,July,202107,202127
20210702,7/2/2021,2021,7,2,Friday,183,1,27,July,202107,202127
20210703,7/3/2021,2021,7,3,Saturday,184,1,27,July,202107,202127
20210704,7/4/2021,2021,7,4,Sunday,185,2,28,July,202107,202128
20210705,7/5/2021,2021,7,5,Monday,186,2,28,July,202107,202128
20210706,7/6/2021,2021,7,6,Tuesday,187,2,28,July,202107,202128
20210707,7/7/2021,2021,7,7,Wednesday,188,2,28,July,202107,202128
20210708,7/8/2021,2021,7,8,Thursday,189,2,28,July,202107,202128
20210709,7/9/2021,2021,7,9,Friday,190,2,28,July,202107,202128
20210710,7/10/2021,2021,7,10,Saturday,191,2,28,July,202107,202128
20210711,7/11/2021,2021,7,11,Sunday,192,3,29,July,202107,202129
20210712,7/12/2021,2021,7,12,Monday,193,3,29,July,202107,202129
20210713,7/13/2021,2021,7,13,Tuesday,194,3,29,July,202107,202129
20210714,7/14/2021,2021,7,14,Wednesday,195,3,29,July,202107,202129
20210715,7/15/2021,2021,7,15,Thursday,196,3,29,July,202107,202129
20210716,7/16/2021,2021,7,16,Friday,197,3,29,July,202107,202129
20210717,7/17/2021,2021,7,17,Saturday,198,3,29,July,202107,202129
20210718,7/18/2021,2021,7,18,Sunday,199,4,30,July,202107,202130
20210719,7/19/2021,2021,7,19,Monday,200,4,30,July,202107,202130
20210720,7/20/2021,2021,7,20,Tuesday,201,4,30,July,202107,202130
20210721,7/21/2021,2021,7,21,Wednesday,202,4,30,July,202107,202130
20210722,7/22/2021,2021,7,22,Thursday,203,4,30,July,202107,202130
20210723,7/23/2021,2021,7,23,Friday,204,4,30,July,202107,202130
20210724,7/24/2021,2021,7,24,Saturday,205,4,30,July,202107,202130
20210725,7/25/2021,2021,7,25,Sunday,206,5,31,July,202107,202131
20210726,7/26/2021,2021,7,26,Monday,207,5,31,July,202107,202131
20210727,7/27/2021,2021,7,27,Tuesday,208,5,31,July,202107,202131
20210728,7/28/2021,2021,7,28,Wednesday,209,5,31,July,202107,202131
20210729,7/29/2021,2021,7,29,Thursday,210,5,31,July,202107,202131
20210730,7/30/2021,2021,7,30,Friday,211,5,31,July,202107,202131
20210731,7/31/2021,2021,7,31,Saturday,212,5,31,July,202107,202131
20210801,8/1/2021,2021,8,1,Sunday,213,1,32,August,202108,202132
20210802,8/2/2021,2021,8,2,Monday,214,1,32,August,202108,202132
20210803,8/3/2021,2021,8,3,Tuesday,215,1,32,August,202108,202132
20210804,8/4/2021,2021,8,4,Wednesday,216,1,32,August,202108,202132
20210805,8/5/2021,2021,8,5,Thursday,217,1,32,August,202108,202132
20210806,8/6/2021,2021,8,6,Friday,218,1,32,August,202108,202132
20210807,8/7/2021,2021,8,7,Saturday,219,1,32,August,202108,202132
20210808,8/8/2021,2021,8,8,Sunday,220,2,33,August,202108,202133
20210809,8/9/2021,2021,8,9,Monday,221,2,33,August,202108,202133
20210810,8/10/2021,2021,8,10,Tuesday,222,2,33,August,202108,202133
20210811,8/11/2021,2021,8,11,Wednesday,223,2,33,August,202108,202133
20210812,8/12/2021,2021,8,12,Thursday,224,2,33,August,202108,202133
20210813,8/13/2021,2021,8,13,Friday,225,2,33,August,202108,202133
20210814,8/14/2021,2021,8,14,Saturday,226,2,33,August,202108,202133
20210815,8/15/2021,2021,8,15,Sunday,227,3,34,August,202108,202134
20210816,8/16/2021,2021,8,16,Monday,228,3,34,August,202108,202134
20210817,8/17/2021,2021,8,17,Tuesday,229,3,34,August,202108,202134
20210818,8/18/2021,2021,8,18,Wednesday,230,3,34,August,202108,202134
20210819,8/19/2021,2021,8,19,Thursday,231,3,34,August,202108,202134
20210820,8/20/2021,2021,8,20,Friday,232,3,34,August,202108,202134
20210821,8/21/2021,2021,8,21,Saturday,233,3,34,August,202108,202134
20210822,8/22/2021,2021,8,22,Sunday,234,4,35,August,202108,202135
20210823,8/23/2021,2021,8,23,Monday,235,4,35,August,202108,202135
20210824,8/24/2021,2021,8,24,Tuesday,236,4,35,August,202108,202135
20210825,8/25/2021,2021,8,25,Wednesday,237,4,35,August,202108,202135
20210826,8/26/2021,2021,8,26,Thursday,238,4,35,August,202108,202135
20210827,8/27/2021,2021,8,27,Friday,239,4,35,August,202108,202135
20210828,8/28/2021,2021,8,28,Saturday,240,4,35,August,202108,202135
20210829,8/29/2021,2021,8,29,Sunday,241,5,36,August,202108,202136
20210830,8/30/2021,2021,8,30,Monday,242,5,36,August,202108,202136
20210831,8/31/2021,2021,8,31,Tuesday,243,5,36,August,202108,202136
20210901,9/1/2021,2021,9,1,Wednesday,244,1,36,September,202109,202136
20210902,9/2/2021,2021,9,2,Thursday,245,1,36,September,202109,202136
20210903,9/3/2021,2021,9,3,Friday,246,1,36,September,202109,202136
20210904,9/4/2021,2021,9,4,Saturday,247,1,36,September,202109,202136
20210905,9/5/2021,2021,9,5,Sunday,248,2,37,September,202109,202137
20210906,9/6/2021,2021,9,6,Monday,249,2,37,September,202109,202137
20210907,9/7/2021,2021,9,7,Tuesday,250,2,37,September,202109,202137
20210908,9/8/2021,2021,9,8,Wednesday,251,2,37,September,202109,202137
20210909,9/9/2021,2021,9,9,Thursday,252,2,37,September,202109,202137
20210910,9/10/2021,2021,9,10,Friday,253,2,37,September,202109,202137
20210911,9/11/2021,2021,9,11,Saturday,254,2,37,September,202109,202137
20210912,9/12/2021,2021,9,12,Sunday,255,3,38,September,202109,202138
20210913,9/13/2021,2021,9,13,Monday,256,3,38,September,202109,202138
20210914,9/14/2021,2021,9,14,Tuesday,257,3,38,September,202109,202138
20210915,9/15/2021,2021,9,15,Wednesday,258,3,38,September,202109,202138
20210916,9/16/2021,2021,9,16,Thursday,259,3,38,September,202109,202138
20210917,9/17/2021,2021,9,17,Friday,260,3,38,September,202109,202138
20210918,9/18/2021,2021,9,18,Saturday,261,3,38,September,202109,202138
20210919,9/19/2021,2021,9,19,Sunday,262,4,39,September,202109,202139
20210920,9/20/2021,2021,9,20,Monday,263,4,39,September,202109,202139
20210921,9/21/2021,2021,9,21,Tuesday,264,4,39,September,202109,202139
20210922,9/22/2021,2021,9,22,Wednesday,265,4,39,September,202109,202139
20210923,9/23/2021,2021,9,23,Thursday,266,4,39,September,202109,202139
20210924,9/24/2021,2021,9,24,Friday,267,4,39,September,202109,202139
20210925,9/25/2021,2021,9,25,Saturday,268,4,39,September,202109,202139
20210926,9/26/2021,2021,9,26,Sunday,269,5,40,September,202109,202140
20210927,9/27/2021,2021,9,27,Monday,270,5,40,September,202109,202140
20210928,9/28/2021,2021,9,28,Tuesday,271,5,40,September,202109,202140
20210929,9/29/2021,2021,9,29,Wednesday,272,5,40,September,202109,202140
20210930,9/30/2021,2021,9,30,Thursday,273,5,40,September,202109,202140
20211001,10/1/2021,2021,10,1,Friday,274,1,40,October,202110,202140
20211002,10/2/2021,2021,10,2,Saturday,275,1,40,October,202110,202140
20211003,10/3/2021,2021,10,3,Sunday,276,2,41,October,202110,202141
20211004,10/4/2021,2021,10,4,Monday,277,2,41,October,202110,202141
20211005,10/5/2021,2021,10,5,Tuesday,278,2,41,October,202110,202141
20211006,10/6/2021,2021,10,6,Wednesday,279,2,41,October,202110,202141
20211007,10/7/2021,2021,10,7,Thursday,280,2,41,October,202110,202141
20211008,10/8/2021,2021,10,8,Friday,281,2,41,October,202110,202141
20211009,10/9/2021,2021,10,9,Saturday,282,2,41,October,202110,202141
20211010,10/10/2021,2021,10,10,Sunday,283,3,42,October,202110,202142
20211011,10/11/2021,2021,10,11,Monday,284,3,42,October,202110,202142
20211012,10/12/2021,2021,10,12,Tuesday,285,3,42,October,202110,202142
20211013,10/13/2021,2021,10,13,Wednesday,286,3,42,October,202110,202142
20211014,10/14/2021,2021,10,14,Thursday,287,3,42,October,202110,202142
20211015,10/15/2021,2021,10,15,Friday,288,3,42,October,202110,202142
20211016,10/16/2021,2021,10,16,Saturday,289,3,42,October,202110,202142
20211017,10/17/2021,2021,10,17,Sunday,290,4,43,October,202110,202143
20211018,10/18/2021,2021,10,18,Monday,291,4,43,October,202110,202143
20211019,10/19/2021,2021,10,19,Tuesday,292,4,43,October,202110,202143
20211020,10/20/2021,2021,10,20,Wednesday,293,4,43,October,202110,202143
20211021,10/21/2021,2021,10,21,Thursday,294,4,43,October,202110,202143
20211022,10/22/2021,2021,10,22,Friday,295,4,43,October,202110,202143
20211023,10/23/2021,2021,10,23,Saturday,296,4,43,October,202110,202143
20211024,10/24/2021,2021,10,24,Sunday,297,5,44,October,202110,202144
20211025,10/25/2021,2021,10,25,Monday,298,5,44,October,202110,202144
20211026,10/26/2021,2021,10,26,Tuesday,299,5,44,October,202110,202144
20211027,10/27/2021,2021,10,27,Wednesday,300,5,44,October,202110,202144
20211028,10/28/2021,2021,10,28,Thursday,301,5,44,October,202110,202144
20211029,10/29/2021,2021,10,29,Friday,302,5,44,October,202110,202144
20211030,10/30/2021,2021,10,30,Saturday,303,5,44,October,202110,202144
20211031,10/31/2021,2021,10,31,Sunday,304,6,45,October,202110,202145
20211101,11/1/2021,2021,11,1,Monday,305,1,45,November,202111,202145
20211102,11/2/2021,2021,11,2,Tuesday,306,1,45,November,202111,202145
20211103,11/3/2021,2021,11,3,Wednesday,307,1,45,November,202111,202145
20211104,11/4/2021,2021,11,4,Thursday,308,1,45,November,202111,202145
20211105,11/5/2021,2021,11,5,Friday,309,1,45,November,202111,202145
20211106,11/6/2021,2021,11,6,Saturday,310,1,45,November,202111,202145
20211107,11/7/2021,2021,11,7,Sunday,311,2,46,November,202111,202146
20211108,11/8/2021,2021,11,8,Monday,312,2,46,November,202111,202146
20211109,11/9/2021,2021,11,9,Tuesday,313,2,46,November,202111,202146
20211110,11/10/2021,2021,11,10,Wednesday,314,2,46,November,202111,202146
20211111,11/11/2021,2021,11,11,Thursday,315,2,46,November,202111,202146
20211112,11/12/2021,2021,11,12,Friday,316,2,46,November,202111,202146
20211113,11/13/2021,2021,11,13,Saturday,317,2,46,November,202111,202146
20211114,11/14/2021,2021,11,14,Sunday,318,3,47,November,202111,202147
20211115,11/15/2021,2021,11,15,Monday,319,3,47,November,202111,202147
20211116,11/16/2021,2021,11,16,Tuesday,320,3,47,November,202111,202147
20211117,11/17/2021,2021,11,17,Wednesday,321,3,47,November,202111,202147
20211118,11/18/2021,2021,11,18,Thursday,322,3,47,November,202111,202147
20211119,11/19/2021,2021,11,19,Friday,323,3,47,November,202111,202147
20211120,11/20/2021,2021,11,20,Saturday,324,3,47,November,202111,202147
20211121,11/21/2021,2021,11,21,Sunday,325,4,48,November,202111,202148
20211122,11/22/2021,2021,11,22,Monday,326,4,48,November,202111,202148
20211123,11/23/2021,2021,11,23,Tuesday,327,4,48,November,202111,202148
20211124,11/24/2021,2021,11,24,Wednesday,328,4,48,November,202111,202148
20211125,11/25/2021,2021,11,25,Thursday,329,4,48,November,202111,202148
20211126,11/26/2021,2021,11,26,Friday,330,4,48,November,202111,202148
20211127,11/27/2021,2021,11,27,Saturday,331,4,48,November,202111,202148
20211128,11/28/2021,2021,11,28,Sunday,332,5,49,November,202111,202149
20211129,11/29/2021,2021,11,29,Monday,333,5,49,November,202111,202149
20211130,11/30/2021,2021,11,30,Tuesday,334,5,49,November,202111,202149
20211201,12/1/2021,2021,12,1,Wednesday,335,1,49,December,202112,202149
20211202,12/2/2021,2021,12,2,Thursday,336,1,49,December,202112,202149
20211203,12/3/2021,2021,12,3,Friday,337,1,49,December,202112,202149
20211204,12/4/2021,2021,12,4,Saturday,338,1,49,December,202112,202149
20211205,12/5/2021,2021,12,5,Sunday,339,2,50,December,202112,202150
20211206,12/6/2021,2021,12,6,Monday,340,2,50,December,202112,202150
20211207,12/7/2021,2021,12,7,Tuesday,341,2,50,December,202112,202150
20211208,12/8/2021,2021,12,8,Wednesday,342,2,50,December,202112,202150
20211209,12/9/2021,2021,12,9,Thursday,343,2,50,December,202112,202150
20211210,12/10/2021,2021,12,10,Friday,344,2,50,December,202112,202150
20211211,12/11/2021,2021,12,11,Saturday,345,2,50,December,202112,202150
20211212,12/12/2021,2021,12,12,Sunday,346,3,51,December,202112,202151
20211213,12/13/2021,2021,12,13,Monday,347,3,51,December,202112,202151
20211214,12/14/2021,2021,12,14,Tuesday,348,3,51,December,202112,202151
20211215,12/15/2021,2021,12,15,Wednesday,349,3,51,December,202112,202151
20211216,12/16/2021,2021,12,16,Thursday,350,3,51,December,202112,202151
20211217,12/17/2021,2021,12,17,Friday,351,3,51,December,202112,202151
20211218,12/18/2021,2021,12,18,Saturday,352,3,51,December,202112,202151
20211219,12/19/2021,2021,12,19,Sunday,353,4,52,December,202112,202152
20211220,12/20/2021,2021,12,20,Monday,354,4,52,December,202112,202152
20211221,12/21/2021,2021,12,21,Tuesday,355,4,52,December,202112,202152
20211222,12/22/2021,2021,12,22,Wednesday,356,4,52,December,202112,202152
20211223,12/23/2021,2021,12,23,Thursday,357,4,52,December,202112,202152
20211224,12/24/2021,2021,12,24,Friday,358,4,52,December,202112,202152
20211225,12/25/2021,2021,12,25,Saturday,359,4,52,December,202112,202152
20211226,12/26/2021,2021,12,26,Sunday,360,5,53,December,202112,202153
20211227,12/27/2021,2021,12,27,Monday,361,5,53,December,202112,202153
20211228,12/28/2021,2021,12,28,Tuesday,362,5,53,December,202112,202153
20211229,12/29/2021,2021,12,29,Wednesday,363,5,53,December,202112,202153
20211230,12/30/2021,2021,12,30,Thursday,364,5,53,December,202112,202153
20211231,12/31/2021,2021,12,31,Friday,365,5,53,December,202112,202153
20220101,1/1/2022,2022,1,1,Saturday,1,1,1,January,202201,202201
20220102,1/2/2022,2022,1,2,Sunday,2,2,2,January,202201,202202
20220103,1/3/2022,2022,1,3,Monday,3,2,2,January,202201,202202
20220104,1/4/2022,2022,1,4,Tuesday,4,2,2,January,202201,202202
20220105,1/5/2022,2022,1,5,Wednesday,5,2,2,January,202201,202202
20220106,1/6/2022,2022,1,6,Thursday,6,2,2,January,202201,202202
20220107,1/7/2022,2022,1,7,Friday,7,2,2,January,202201,202202
20220108,1/8/2022,2022,1,8,Saturday,8,2,2,January,202201,202202
20220109,1/9/2022,2022,1,9,Sunday,9,3,3,January,202201,202203
20220110,1/10/2022,2022,1,10,Monday,10,3,3,January,202201,202203
20220111,1/11/2022,2022,1,11,Tuesday,11,3,3,January,202201,202203
20220112,1/12/2022,2022,1,12,Wednesday,12,3,3,January,202201,202203
20220113,1/13/2022,2022,1,13,Thursday,13,3,3,January,202201,202203
20220114,1/14/2022,2022,1,14,Friday,14,3,3,January,202201,202203
20220115,1/15/2022,2022,1,15,Saturday,15,3,3,January,202201,202203
20220116,1/16/2022,2022,1,16,Sunday,16,4,4,January,202201,202204
20220117,1/17/2022,2022,1,17,Monday,17,4,4,January,202201,202204
20220118,1/18/2022,2022,1,18,Tuesday,18,4,4,January,202201,202204
20220119,1/19/2022,2022,1,19,Wednesday,19,4,4,January,202201,202204
20220120,1/20/2022,2022,1,20,Thursday,20,4,4,January,202201,202204
20220121,1/21/2022,2022,1,21,Friday,21,4,4,January,202201,202204
20220122,1/22/2022,2022,1,22,Saturday,22,4,4,January,202201,202204
20220123,1/23/2022,2022,1,23,Sunday,23,5,5,January,202201,202205
20220124,1/24/2022,2022,1,24,Monday,24,5,5,January,202201,202205
20220125,1/25/2022,2022,1,25,Tuesday,25,5,5,January,202201,202205
20220126,1/26/2022,2022,1,26,Wednesday,26,5,5,January,202201,202205
20220127,1/27/2022,2022,1,27,Thursday,27,5,5,January,202201,202205
20220128,1/28/2022,2022,1,28,Friday,28,5,5,January,202201,202205
20220129,1/29/2022,2022,1,29,Saturday,29,5,5,January,202201,202205
20220130,1/30/2022,2022,1,30,Sunday,30,6,6,January,202201,202206
20220131,1/31/2022,2022,1,31,Monday,31,6,6,January,202201,202206
20220201,2/1/2022,2022,2,1,Tuesday,32,1,6,February,202202,202206
20220202,2/2/2022,2022,2,2,Wednesday,33,1,6,February,202202,202206
20220203,2/3/2022,2022,2,3,Thursday,34,1,6,February,202202,202206
20220204,2/4/2022,2022,2,4,Friday,35,1,6,February,202202,202206
20220205,2/5/2022,2022,2,5,Saturday,36,1,6,February,202202,202206
20220206,2/6/2022,2022,2,6,Sunday,37,2,7,February,202202,202207
20220207,2/7/2022,2022,2,7,Monday,38,2,7,February,202202,202207
20220208,2/8/2022,2022,2,8,Tuesday,39,2,7,February,202202,202207
20220209,2/9/2022,2022,2,9,Wednesday,40,2,7,February,202202,202207
20220210,2/10/2022,2022,2,10,Thursday,41,2,7,February,202202,202207
20220211,2/11/2022,2022,2,11,Friday,42,2,7,February,202202,202207
20220212,2/12/2022,2022,2,12,Saturday,43,2,7,February,202202,202207
20220213,2/13/2022,2022,2,13,Sunday,44,3,8,February,202202,202208
20220214,2/14/2022,2022,2,14,Monday,45,3,8,February,202202,202208
20220215,2/15/2022,2022,2,15,Tuesday,46,3,8,February,202202,202208
20220216,2/16/2022,2022,2,16,Wednesday,47,3,8,February,202202,202208
20220217,2/17/2022,2022,2,17,Thursday,48,3,8,February,202202,202208
20220218,2/18/2022,2022,2,18,Friday,49,3,8,February,202202,202208
20220219,2/19/2022,2022,2,19,Saturday,50,3,8,February,202202,202208
20220220,2/20/2022,2022,2,20,Sunday,51,4,9,February,202202,202209
20220221,2/21/2022,2022,2,21,Monday,52,4,9,February,202202,202209
20220222,2/22/2022,2022,2,22,Tuesday,53,4,9,February,202202,202209
20220223,2/23/2022,2022,2,23,Wednesday,54,4,9,February,202202,202209
20220224,2/24/2022,2022,2,24,Thursday,55,4,9,February,202202,202209
20220225,2/25/2022,2022,2,25,Friday,56,4,9,February,202202,202209
20220226,2/26/2022,2022,2,26,Saturday,57,4,9,February,202202,202209
20220227,2/27/2022,2022,2,27,Sunday,58,5,10,February,202202,202210
20220228,2/28/2022,2022,2,28,Monday,59,5,10,February,202202,202210
20220301,3/1/2022,2022,3,1,Tuesday,60,1,10,March,202203,202210
20220302,3/2/2022,2022,3,2,Wednesday,61,1,10,March,202203,202210
20220303,3/3/2022,2022,3,3,Thursday,62,1,10,March,202203,202210
20220304,3/4/2022,2022,3,4,Friday,63,1,10,March,202203,202210
20220305,3/5/2022,2022,3,5,Saturday,64,1,10,March,202203,202210
20220306,3/6/2022,2022,3,6,Sunday,65,2,11,March,202203,202211
20220307,3/7/2022,2022,3,7,Monday,66,2,11,March,202203,202211
20220308,3/8/2022,2022,3,8,Tuesday,67,2,11,March,202203,202211
20220309,3/9/2022,2022,3,9,Wednesday,68,2,11,March,202203,202211
20220310,3/10/2022,2022,3,10,Thursday,69,2,11,March,202203,202211
20220311,3/11/2022,2022,3,11,Friday,70,2,11,March,202203,202211
20220312,3/12/2022,2022,3,12,Saturday,71,2,11,March,202203,202211
20220313,3/13/2022,2022,3,13,Sunday,72,3,12,March,202203,202212
20220314,3/14/2022,2022,3,14,Monday,73,3,12,March,202203,202212
20220315,3/15/2022,2022,3,15,Tuesday,74,3,12,March,202203,202212
20220316,3/16/2022,2022,3,16,Wednesday,75,3,12,March,202203,202212
20220317,3/17/2022,2022,3,17,Thursday,76,3,12,March,202203,202212
20220318,3/18/2022,2022,3,18,Friday,77,3,12,March,202203,202212
20220319,3/19/2022,2022,3,19,Saturday,78,3,12,March,202203,202212
20220320,3/20/2022,2022,3,20,Sunday,79,4,13,March,202203,202213
20220321,3/21/2022,2022,3,21,Monday,80,4,13,March,202203,202213
20220322,3/22/2022,2022,3,22,Tuesday,81,4,13,March,202203,202213
20220323,3/23/2022,2022,3,23,Wednesday,82,4,13,March,202203,202213
20220324,3/24/2022,2022,3,24,Thursday,83,4,13,March,202203,202213
20220325,3/25/2022,2022,3,25,Friday,84,4,13,March,202203,202213
20220326,3/26/2022,2022,3,26,Saturday,85,4,13,March,202203,202213
20220327,3/27/2022,2022,3,27,Sunday,86,5,14,March,202203,202214
20220328,3/28/2022,2022,3,28,Monday,87,5,14,March,202203,202214
20220329,3/29/2022,2022,3,29,Tuesday,88,5,14,March,202203,202214
20220330,3/30/2022,2022,3,30,Wednesday,89,5,14,March,202203,202214
20220331,3/31/2022,2022,3,31,Thursday,90,5,14,March,202203,202214
20220401,4/1/2022,2022,4,1,Friday,91,1,14,April,202204,202214
20220402,4/2/2022,2022,4,2,Saturday,92,1,14,April,202204,202214
20220403,4/3/2022,2022,4,3,Sunday,93,2,15,April,202204,202215
20220404,4/4/2022,2022,4,4,Monday,94,2,15,April,202204,202215
20220405,4/5/2022,2022,4,5,Tuesday,95,2,15,April,202204,202215
20220406,4/6/2022,2022,4,6,Wednesday,96,2,15,April,202204,202215
20220407,4/7/2022,2022,4,7,Thursday,97,2,15,April,202204,202215
20220408,4/8/2022,2022,4,8,Friday,98,2,15,April,202204,202215
20220409,4/9/2022,2022,4,9,Saturday,99,2,15,April,202204,202215
20220410,4/10/2022,2022,4,10,Sunday,100,3,16,April,202204,202216
20220411,4/11/2022,2022,4,11,Monday,101,3,16,April,202204,202216
20220412,4/12/2022,2022,4,12,Tuesday,102,3,16,April,202204,202216
20220413,4/13/2022,2022,4,13,Wednesday,103,3,16,April,202204,202216
20220414,4/14/2022,2022,4,14,Thursday,104,3,16,April,202204,202216
20220415,4/15/2022,2022,4,15,Friday,105,3,16,April,202204,202216
20220416,4/16/2022,2022,4,16,Saturday,106,3,16,April,202204,202216
20220417,4/17/2022,2022,4,17,Sunday,107,4,17,April,202204,202217
20220418,4/18/2022,2022,4,18,Monday,108,4,17,April,202204,202217
20220419,4/19/2022,2022,4,19,Tuesday,109,4,17,April,202204,202217
20220420,4/20/2022,2022,4,20,Wednesday,110,4,17,April,202204,202217
20220421,4/21/2022,2022,4,21,Thursday,111,4,17,April,202204,202217
20220422,4/22/2022,2022,4,22,Friday,112,4,17,April,202204,202217
20220423,4/23/2022,2022,4,23,Saturday,113,4,17,April,202204,202217
20220424,4/24/2022,2022,4,24,Sunday,114,5,18,April,202204,202218
20220425,4/25/2022,2022,4,25,Monday,115,5,18,April,202204,202218
20220426,4/26/2022,2022,4,26,Tuesday,116,5,18,April,202204,202218
20220427,4/27/2022,2022,4,27,Wednesday,117,5,18,April,202204,202218
20220428,4/28/2022,2022,4,28,Thursday,118,5,18,April,202204,202218
20220429,4/29/2022,2022,4,29,Friday,119,5,18,April,202204,202218
20220430,4/30/2022,2022,4,30,Saturday,120,5,18,April,202204,202218
20220501,5/1/2022,2022,5,1,Sunday,121,1,19,May,202205,202219
20220502,5/2/2022,2022,5,2,Monday,122,1,19,May,202205,202219
20220503,5/3/2022,2022,5,3,Tuesday,123,1,19,May,202205,202219
20220504,5/4/2022,2022,5,4,Wednesday,124,1,19,May,202205,202219
20220505,5/5/2022,2022,5,5,Thursday,125,1,19,May,202205,202219
20220506,5/6/2022,2022,5,6,Friday,126,1,19,May,202205,202219
20220507,5/7/2022,2022,5,7,Saturday,127,1,19,May,202205,202219
20220508,5/8/2022,2022,5,8,Sunday,128,2,20,May,202205,202220
20220509,5/9/2022,2022,5,9,Monday,129,2,20,May,202205,202220
20220510,5/10/2022,2022,5,10,Tuesday,130,2,20,May,202205,202220
20220511,5/11/2022,2022,5,11,Wednesday,131,2,20,May,202205,202220
20220512,5/12/2022,2022,5,12,Thursday,132,2,20,May,202205,202220
20220513,5/13/2022,2022,5,13,Friday,133,2,20,May,202205,202220
20220514,5/14/2022,2022,5,14,Saturday,134,2,20,May,202205,202220
20220515,5/15/2022,2022,5,15,Sunday,135,3,21,May,202205,202221
20220516,5/16/2022,2022,5,16,Monday,136,3,21,May,202205,202221
20220517,5/17/2022,2022,5,17,Tuesday,137,3,21,May,202205,202221
20220518,5/18/2022,2022,5,18,Wednesday,138,3,21,May,202205,202221
20220519,5/19/2022,2022,5,19,Thursday,139,3,21,May,202205,202221
20220520,5/20/2022,2022,5,20,Friday,140,3,21,May,202205,202221
20220521,5/21/2022,2022,5,21,Saturday,141,3,21,May,202205,202221
20220522,5/22/2022,2022,5,22,Sunday,142,4,22,May,202205,202222
20220523,5/23/2022,2022,5,23,Monday,143,4,22,May,202205,202222
20220524,5/24/2022,2022,5,24,Tuesday,144,4,22,May,202205,202222
20220525,5/25/2022,2022,5,25,Wednesday,145,4,22,May,202205,202222
20220526,5/26/2022,2022,5,26,Thursday,146,4,22,May,202205,202222
20220527,5/27/2022,2022,5,27,Friday,147,4,22,May,202205,202222
20220528,5/28/2022,2022,5,28,Saturday,148,4,22,May,202205,202222
20220529,5/29/2022,2022,5,29,Sunday,149,5,23,May,202205,202223
20220530,5/30/2022,2022,5,30,Monday,150,5,23,May,202205,202223
20220531,5/31/2022,2022,5,31,Tuesday,151,5,23,May,202205,202223
20220601,6/1/2022,2022,6,1,Wednesday,152,1,23,June,202206,202223
20220602,6/2/2022,2022,6,2,Thursday,153,1,23,June,202206,202223
20220603,6/3/2022,2022,6,3,Friday,154,1,23,June,202206,202223
20220604,6/4/2022,2022,6,4,Saturday,155,1,23,June,202206,202223
20220605,6/5/2022,2022,6,5,Sunday,156,2,24,June,202206,202224
20220606,6/6/2022,2022,6,6,Monday,157,2,24,June,202206,202224
20220607,6/7/2022,2022,6,7,Tuesday,158,2,24,June,202206,202224
20220608,6/8/2022,2022,6,8,Wednesday,159,2,24,June,202206,202224
20220609,6/9/2022,2022,6,9,Thursday,160,2,24,June,202206,202224
20220610,6/10/2022,2022,6,10,Friday,161,2,24,June,202206,202224
20220611,6/11/2022,2022,6,11,Saturday,162,2,24,June,202206,202224
20220612,6/12/2022,2022,6,12,Sunday,163,3,25,June,202206,202225
20220613,6/13/2022,2022,6,13,Monday,164,3,25,June,202206,202225
20220614,6/14/2022,2022,6,14,Tuesday,165,3,25,June,202206,202225
20220615,6/15/2022,2022,6,15,Wednesday,166,3,25,June,202206,202225
20220616,6/16/2022,2022,6,16,Thursday,167,3,25,June,202206,202225
20220617,6/17/2022,2022,6,17,Friday,168,3,25,June,202206,202225
20220618,6/18/2022,2022,6,18,Saturday,169,3,25,June,202206,202225
20220619,6/19/2022,2022,6,19,Sunday,170,4,26,June,202206,202226
20220620,6/20/2022,2022,6,20,Monday,171,4,26,June,202206,202226
20220621,6/21/2022,2022,6,21,Tuesday,172,4,26,June,202206,202226
20220622,6/22/2022,2022,6,22,Wednesday,173,4,26,June,202206,202226
20220623,6/23/2022,2022,6,23,Thursday,174,4,26,June,202206,202226
20220624,6/24/2022,2022,6,24,Friday,175,4,26,June,202206,202226
20220625,6/25/2022,2022,6,25,Saturday,176,4,26,June,202206,202226
20220626,6/26/2022,2022,6,26,Sunday,177,5,27,June,202206,202227
20220627,6/27/2022,2022,6,27,Monday,178,5,27,June,202206,202227
20220628,6/28/2022,2022,6,28,Tuesday,179,5,27,June,202206,202227
20220629,6/29/2022,2022,6,29,Wednesday,180,5,27,June,202206,202227
20220630,6/30/2022,2022,6,30,Thursday,181,5,27,June,202206,202227
20220701,7/1/2022,2022,7,1,Friday,182,1,27,July,202207,202227
20220702,7/2/2022,2022,7,2,Saturday,183,1,27,July,202207,202227
20220703,7/3/2022,2022,7,3,Sunday,184,2,28,July,202207,202228
20220704,7/4/2022,2022,7,4,Monday,185,2,28,July,202207,202228
20220705,7/5/2022,2022,7,5,Tuesday,186,2,28,July,202207,202228
20220706,7/6/2022,2022,7,6,Wednesday,187,2,28,July,202207,202228
20220707,7/7/2022,2022,7,7,Thursday,188,2,28,July,202207,202228
20220708,7/8/2022,2022,7,8,Friday,189,2,28,July,202207,202228
20220709,7/9/2022,2022,7,9,Saturday,190,2,28,July,202207,202228
20220710,7/10/2022,2022,7,10,Sunday,191,3,29,July,202207,202229
20220711,7/11/2022,2022,7,11,Monday,192,3,29,July,202207,202229
20220712,7/12/2022,2022,7,12,Tuesday,193,3,29,July,202207,202229
20220713,7/13/2022,2022,7,13,Wednesday,194,3,29,July,202207,202229
20220714,7/14/2022,2022,7,14,Thursday,195,3,29,July,202207,202229
20220715,7/15/2022,2022,7,15,Friday,196,3,29,July,202207,202229
20220716,7/16/2022,2022,7,16,Saturday,197,3,29,July,202207,202229
20220717,7/17/2022,2022,7,17,Sunday,198,4,30,July,202207,202230
20220718,7/18/2022,2022,7,18,Monday,199,4,30,July,202207,202230
20220719,7/19/2022,2022,7,19,Tuesday,200,4,30,July,202207,202230
20220720,7/20/2022,2022,7,20,Wednesday,201,4,30,July,202207,202230
20220721,7/21/2022,2022,7,21,Thursday,202,4,30,July,202207,202230
20220722,7/22/2022,2022,7,22,Friday,203,4,30,July,202207,202230
20220723,7/23/2022,2022,7,23,Saturday,204,4,30,July,202207,202230
20220724,7/24/2022,2022,7,24,Sunday,205,5,31,July,202207,202231
20220725,7/25/2022,2022,7,25,Monday,206,5,31,July,202207,202231
20220726,7/26/2022,2022,7,26,Tuesday,207,5,31,July,202207,202231
20220727,7/27/2022,2022,7,27,Wednesday,208,5,31,July,202207,202231
20220728,7/28/2022,2022,7,28,Thursday,209,5,31,July,202207,202231
20220729,7/29/2022,2022,7,29,Friday,210,5,31,July,202207,202231
20220730,7/30/2022,2022,7,30,Saturday,211,5,31,July,202207,202231
20220731,7/31/2022,2022,7,31,Sunday,212,6,32,July,202207,202232
20220801,8/1/2022,2022,8,1,Monday,213,1,32,August,202208,202232
20220802,8/2/2022,2022,8,2,Tuesday,214,1,32,August,202208,202232
20220803,8/3/2022,2022,8,3,Wednesday,215,1,32,August,202208,202232
20220804,8/4/2022,2022,8,4,Thursday,216,1,32,August,202208,202232
20220805,8/5/2022,2022,8,5,Friday,217,1,32,August,202208,202232
20220806,8/6/2022,2022,8,6,Saturday,218,1,32,August,202208,202232
20220807,8/7/2022,2022,8,7,Sunday,219,2,33,August,202208,202233
20220808,8/8/2022,2022,8,8,Monday,220,2,33,August,202208,202233
20220809,8/9/2022,2022,8,9,Tuesday,221,2,33,August,202208,202233
20220810,8/10/2022,2022,8,10,Wednesday,222,2,33,August,202208,202233
20220811,8/11/2022,2022,8,11,Thursday,223,2,33,August,202208,202233
20220812,8/12/2022,2022,8,12,Friday,224,2,33,August,202208,202233
20220813,8/13/2022,2022,8,13,Saturday,225,2,33,August,202208,202233
20220814,8/14/2022,2022,8,14,Sunday,226,3,34,August,202208,202234
20220815,8/15/2022,2022,8,15,Monday,227,3,34,August,202208,202234
20220816,8/16/2022,2022,8,16,Tuesday,228,3,34,August,202208,202234
20220817,8/17/2022,2022,8,17,Wednesday,229,3,34,August,202208,202234
20220818,8/18/2022,2022,8,18,Thursday,230,3,34,August,202208,202234
20220819,8/19/2022,2022,8,19,Friday,231,3,34,August,202208,202234
20220820,8/20/2022,2022,8,20,Saturday,232,3,34,August,202208,202234
20220821,8/21/2022,2022,8,21,Sunday,233,4,35,August,202208,202235
20220822,8/22/2022,2022,8,22,Monday,234,4,35,August,202208,202235
20220823,8/23/2022,2022,8,23,Tuesday,235,4,35,August,202208,202235
20220824,8/24/2022,2022,8,24,Wednesday,236,4,35,August,202208,202235
20220825,8/25/2022,2022,8,25,Thursday,237,4,35,August,202208,202235
20220826,8/26/2022,2022,8,26,Friday,238,4,35,August,202208,202235
20220827,8/27/2022,2022,8,27,Saturday,239,4,35,August,202208,202235
20220828,8/28/2022,2022,8,28,Sunday,240,5,36,August,202208,202236
20220829,8/29/2022,2022,8,29,Monday,241,5,36,August,202208,202236
20220830,8/30/2022,2022,8,30,Tuesday,242,5,36,August,202208,202236
20220831,8/31/2022,2022,8,31,Wednesday,243,5,36,August,202208,202236
20220901,9/1/2022,2022,9,1,Thursday,244,1,36,September,202209,202236
20220902,9/2/2022,2022,9,2,Friday,245,1,36,September,202209,202236
20220903,9/3/2022,2022,9,3,Saturday,246,1,36,September,202209,202236
20220904,9/4/2022,2022,9,4,Sunday,247,2,37,September,202209,202237
20220905,9/5/2022,2022,9,5,Monday,248,2,37,September,202209,202237
20220906,9/6/2022,2022,9,6,Tuesday,249,2,37,September,202209,202237
20220907,9/7/2022,2022,9,7,Wednesday,250,2,37,September,202209,202237
20220908,9/8/2022,2022,9,8,Thursday,251,2,37,September,202209,202237
20220909,9/9/2022,2022,9,9,Friday,252,2,37,September,202209,202237
20220910,9/10/2022,2022,9,10,Saturday,253,2,37,September,202209,202237
20220911,9/11/2022,2022,9,11,Sunday,254,3,38,September,202209,202238
20220912,9/12/2022,2022,9,12,Monday,255,3,38,September,202209,202238
20220913,9/13/2022,2022,9,13,Tuesday,256,3,38,September,202209,202238
20220914,9/14/2022,2022,9,14,Wednesday,257,3,38,September,202209,202238
20220915,9/15/2022,2022,9,15,Thursday,258,3,38,September,202209,202238
20220916,9/16/2022,2022,9,16,Friday,259,3,38,September,202209,202238
20220917,9/17/2022,2022,9,17,Saturday,260,3,38,September,202209,202238
20220918,9/18/2022,2022,9,18,Sunday,261,4,39,September,202209,202239
20220919,9/19/2022,2022,9,19,Monday,262,4,39,September,202209,202239
20220920,9/20/2022,2022,9,20,Tuesday,263,4,39,September,202209,202239
20220921,9/21/2022,2022,9,21,Wednesday,264,4,39,September,202209,202239
20220922,9/22/2022,2022,9,22,Thursday,265,4,39,September,202209,202239
20220923,9/23/2022,2022,9,23,Friday,266,4,39,September,202209,202239
20220924,9/24/2022,2022,9,24,Saturday,267,4,39,September,202209,202239
20220925,9/25/2022,2022,9,25,Sunday,268,5,40,September,202209,202240
20220926,9/26/2022,2022,9,26,Monday,269,5,40,September,202209,202240
20220927,9/27/2022,2022,9,27,Tuesday,270,5,40,September,202209,202240
20220928,9/28/2022,2022,9,28,Wednesday,271,5,40,September,202209,202240
20220929,9/29/2022,2022,9,29,Thursday,272,5,40,September,202209,202240
20220930,9/30/2022,2022,9,30,Friday,273,5,40,September,202209,202240
20221001,10/1/2022,2022,10,1,Saturday,274,1,40,October,202210,202240
20221002,10/2/2022,2022,10,2,Sunday,275,2,41,October,202210,202241
20221003,10/3/2022,2022,10,3,Monday,276,2,41,October,202210,202241
20221004,10/4/2022,2022,10,4,Tuesday,277,2,41,October,202210,202241
20221005,10/5/2022,2022,10,5,Wednesday,278,2,41,October,202210,202241
20221006,10/6/2022,2022,10,6,Thursday,279,2,41,October,202210,202241
20221007,10/7/2022,2022,10,7,Friday,280,2,41,October,202210,202241
20221008,10/8/2022,2022,10,8,Saturday,281,2,41,October,202210,202241
20221009,10/9/2022,2022,10,9,Sunday,282,3,42,October,202210,202242
20221010,10/10/2022,2022,10,10,Monday,283,3,42,October,202210,202242
20221011,10/11/2022,2022,10,11,Tuesday,284,3,42,October,202210,202242
20221012,10/12/2022,2022,10,12,Wednesday,285,3,42,October,202210,202242
20221013,10/13/2022,2022,10,13,Thursday,286,3,42,October,202210,202242
20221014,10/14/2022,2022,10,14,Friday,287,3,42,October,202210,202242
20221015,10/15/2022,2022,10,15,Saturday,288,3,42,October,202210,202242
20221016,10/16/2022,2022,10,16,Sunday,289,4,43,October,202210,202243
20221017,10/17/2022,2022,10,17,Monday,290,4,43,October,202210,202243
20221018,10/18/2022,2022,10,18,Tuesday,291,4,43,October,202210,202243
20221019,10/19/2022,2022,10,19,Wednesday,292,4,43,October,202210,202243
20221020,10/20/2022,2022,10,20,Thursday,293,4,43,October,202210,202243
20221021,10/21/2022,2022,10,21,Friday,294,4,43,October,202210,202243
20221022,10/22/2022,2022,10,22,Saturday,295,4,43,October,202210,202243
20221023,10/23/2022,2022,10,23,Sunday,296,5,44,October,202210,202244
20221024,10/24/2022,2022,10,24,Monday,297,5,44,October,202210,202244
20221025,10/25/2022,2022,10,25,Tuesday,298,5,44,October,202210,202244
20221026,10/26/2022,2022,10,26,Wednesday,299,5,44,October,202210,202244
20221027,10/27/2022,2022,10,27,Thursday,300,5,44,October,202210,202244
20221028,10/28/2022,2022,10,28,Friday,301,5,44,October,202210,202244
20221029,10/29/2022,2022,10,29,Saturday,302,5,44,October,202210,202244
20221030,10/30/2022,2022,10,30,Sunday,303,6,45,October,202210,202245
20221031,10/31/2022,2022,10,31,Monday,304,6,45,October,202210,202245
20221101,11/1/2022,2022,11,1,Tuesday,305,1,45,November,202211,202245
20221102,11/2/2022,2022,11,2,Wednesday,306,1,45,November,202211,202245
20221103,11/3/2022,2022,11,3,Thursday,307,1,45,November,202211,202245
20221104,11/4/2022,2022,11,4,Friday,308,1,45,November,202211,202245
20221105,11/5/2022,2022,11,5,Saturday,309,1,45,November,202211,202245
20221106,11/6/2022,2022,11,6,Sunday,310,2,46,November,202211,202246
20221107,11/7/2022,2022,11,7,Monday,311,2,46,November,202211,202246
20221108,11/8/2022,2022,11,8,Tuesday,312,2,46,November,202211,202246
20221109,11/9/2022,2022,11,9,Wednesday,313,2,46,November,202211,202246
20221110,11/10/2022,2022,11,10,Thursday,314,2,46,November,202211,202246
20221111,11/11/2022,2022,11,11,Friday,315,2,46,November,202211,202246
20221112,11/12/2022,2022,11,12,Saturday,316,2,46,November,202211,202246
20221113,11/13/2022,2022,11,13,Sunday,317,3,47,November,202211,202247
20221114,11/14/2022,2022,11,14,Monday,318,3,47,November,202211,202247
20221115,11/15/2022,2022,11,15,Tuesday,319,3,47,November,202211,202247
20221116,11/16/2022,2022,11,16,Wednesday,320,3,47,November,202211,202247
20221117,11/17/2022,2022,11,17,Thursday,321,3,47,November,202211,202247
20221118,11/18/2022,2022,11,18,Friday,322,3,47,November,202211,202247
20221119,11/19/2022,2022,11,19,Saturday,323,3,47,November,202211,202247
20221120,11/20/2022,2022,11,20,Sunday,324,4,48,November,202211,202248
20221121,11/21/2022,2022,11,21,Monday,325,4,48,November,202211,202248
20221122,11/22/2022,2022,11,22,Tuesday,326,4,48,November,202211,202248
20221123,11/23/2022,2022,11,23,Wednesday,327,4,48,November,202211,202248
20221124,11/24/2022,2022,11,24,Thursday,328,4,48,November,202211,202248
20221125,11/25/2022,2022,11,25,Friday,329,4,48,November,202211,202248
20221126,11/26/2022,2022,11,26,Saturday,330,4,48,November,202211,202248
20221127,11/27/2022,2022,11,27,Sunday,331,5,49,November,202211,202249
20221128,11/28/2022,2022,11,28,Monday,332,5,49,November,202211,202249
20221129,11/29/2022,2022,11,29,Tuesday,333,5,49,November,202211,202249
20221130,11/30/2022,2022,11,30,Wednesday,334,5,49,November,202211,202249
20221201,12/1/2022,2022,12,1,Thursday,335,1,49,December,202212,202249
20221202,12/2/2022,2022,12,2,Friday,336,1,49,December,202212,202249
20221203,12/3/2022,2022,12,3,Saturday,337,1,49,December,202212,202249
20221204,12/4/2022,2022,12,4,Sunday,338,2,50,December,202212,202250
20221205,12/5/2022,2022,12,5,Monday,339,2,50,December,202212,202250
20221206,12/6/2022,2022,12,6,Tuesday,340,2,50,December,202212,202250
20221207,12/7/2022,2022,12,7,Wednesday,341,2,50,December,202212,202250
20221208,12/8/2022,2022,12,8,Thursday,342,2,50,December,202212,202250
20221209,12/9/2022,2022,12,9,Friday,343,2,50,December,202212,202250
20221210,12/10/2022,2022,12,10,Saturday,344,2,50,December,202212,202250
20221211,12/11/2022,2022,12,11,Sunday,345,3,51,December,202212,202251
20221212,12/12/2022,2022,12,12,Monday,346,3,51,December,202212,202251
20221213,12/13/2022,2022,12,13,Tuesday,347,3,51,December,202212,202251
20221214,12/14/2022,2022,12,14,Wednesday,348,3,51,December,202212,202251
20221215,12/15/2022,2022,12,15,Thursday,349,3,51,December,202212,202251
20221216,12/16/2022,2022,12,16,Friday,350,3,51,December,202212,202251
20221217,12/17/2022,2022,12,17,Saturday,351,3,51,December,202212,202251
20221218,12/18/2022,2022,12,18,Sunday,352,4,52,December,202212,202252
20221219,12/19/2022,2022,12,19,Monday,353,4,52,December,202212,202252
20221220,12/20/2022,2022,12,20,Tuesday,354,4,52,December,202212,202252
20221221,12/21/2022,2022,12,21,Wednesday,355,4,52,December,202212,202252
20221222,12/22/2022,2022,12,22,Thursday,356,4,52,December,202212,202252
20221223,12/23/2022,2022,12,23,Friday,357,4,52,December,202212,202252
20221224,12/24/2022,2022,12,24,Saturday,358,4,52,December,202212,202252
20221225,12/25/2022,2022,12,25,Sunday,359,5,53,December,202212,202253
20221226,12/26/2022,2022,12,26,Monday,360,5,53,December,202212,202253
20221227,12/27/2022,2022,12,27,Tuesday,361,5,53,December,202212,202253
20221228,12/28/2022,2022,12,28,Wednesday,362,5,53,December,202212,202253
20221229,12/29/2022,2022,12,29,Thursday,363,5,53,December,202212,202253
20221230,12/30/2022,2022,12,30,Friday,364,5,53,December,202212,202253
20221231,12/31/2022,2022,12,31,Saturday,364,5,53,December,202212,202253
